Id;Name;JapName;Shirt;ShirtNational;Commentary;Country;Country2;Height;Weight;Age;Foot;PlayingStyle;POS;GK;CB;LB;RB;DMF;CMF;LMF;RMF;AMF;LWF;RWF;SS;CF;OffensiveAwareness;BallControl;Dribbling;TightPossession;LowPass;LoftedPass;Finishing;Heading;PlaceKicking;Curl;Speed;Acceleration;KickingPower;Jump;PhysicalContact;Balance;Stamina;DefensiveAwareness;BallWinning;Aggression;GKAwareness;GKCatching;GKClearing;GKReflexes;GKReach;WeakFootUsage;WeakFootAcc;Form;InjuryResistance;Reputation;PlayingAttitude;Trickster;MazingRun;SpeedingBullet;IncisiveRun;LongBallExpert;EarlyCross;LongRanger;ScissorsFeint;DoubleTouch;FlipFlap;MarseilleTurn;Sombrero;CrossOverTurn;CutBehindAndTurn;ScotchMove;StepOnSkillcontrol;HeadingSpecial;LongRangeDrive;Chipshotcontrol;LongRangeShot;KnuckleShot;DippingShots;RisingShots;AcrobaticFinishing;HeelTrick;FirstTimeShot;OneTouchPass;ThroughPassing;WeightedPass;PinpointCrossing;OutsideCurler;Rabona;NoLookPass;LowLoftedPass;GKLowPunt;GKHighPunt;LongThrow;GKLongThrow;PenaltySpecialist;GKPenaltySaver;Gamesmanship;ManMarking;TrackBack;Interception;AcrobaticClear;Captaincy;SuperSub;FightingSpirit;Celebration1;Celebration2;DribblingHunching;DribblingArmMove.;RunningHunching;RunningArmMovement;CornerKicks;FreeKicks;PenaltyKick;DribbleMotion;YouthClub;OwnerClub;ContractUntil;LoanUntil;MarketValue;NationalCaps;Legend;Hand;WinnerGoldenBall;EditName;EditBasics;EditPosition;EditPositions;EditAbilities;EditPlayerSkills;EditPlayingStyle;EditCOMPlayingStyles;EditMovements;Edit1;Edit2;Edit3;Edit4;Edit5;Edit6;Edit7;Value1;Value2;Value3;Value2020_1;Value2020_2;Appearance;ListBoots;ListGloves;InEditFile;OverallStats
44840;V. van Dijk;Virgil van Dijk;VIRGIL;VIRGIL;-1;224;139;193;92;34;False;15;1;0;2;0;0;0;0;0;0;0;0;0;0;0;62;84;73;81;85;80;63;89;68;65;79;75;83;83;90;81;82;89;87;81;40;40;40;40;40;3;3;5;1;7;2;False;False;False;False;True;False;False;False;False;False;False;False;False;False;False;False;True;False;False;False;False;False;False;False;False;False;False;False;True;False;False;False;False;True;False;False;False;False;False;False;False;True;False;True;True;True;False;True;3;0;3;8;3;8;1;7;1;1;0;0;30/6/2027 00:00:00;1/1/0001 00:00:00;250000;56;False;False;False;False;False;False;False;False;False;False;False;False;False;False;False;False;False;False;False;0;False;-1;0;0;0;2051;0;False;87
162622;G. Leoni;Giovanni Leoni;LEONI;LEONI;-1;215;0;196;82;19;False;9;1;0;2;0;0;0;0;0;0;0;0;0;0;0;52;72;61;67;74;69;58;79;55;54;75;72;66;71;79;77;76;77;78;74;40;40;40;40;40;2;2;5;1;7;1;False;False;False;False;False;False;False;False;False;False;False;False;False;False;False;False;True;False;False;False;False;False;False;False;False;False;False;False;False;False;False;False;False;False;False;False;False;False;False;False;False;True;False;True;False;False;False;False;0;0;1;1;1;1;1;1;1;1;2320;0;30/6/2031 00:00:00;1/1/0001 00:00:00;300000;0;False;False;False;False;False;False;False;False;False;False;False;False;False;False;False;False;False;False;False;0;False;-1;0;0;0;0;0;False;73
116543;A. Mac Allister;Alexis Mac Allister;MAC ALLISTER;MAC ALLISTER;-1;144;0;176;72;27;False;14;5;0;0;0;0;2;2;0;0;2;0;0;0;0;74;85;77;85;83;84;77;68;78;81;74;77;84;75;74;77;85;66;79;86;40;40;40;40;40;2;3;5;1;7;2;False;False;False;True;False;False;True;False;False;False;False;False;False;True;False;True;False;True;False;False;False;False;False;False;True;True;True;True;False;False;False;False;False;False;False;False;False;False;True;False;False;False;True;True;False;False;False;False;58;0;2;1;2;1;3;12;1;1;1236;0;30/6/2028 00:00:00;1/1/0001 00:00:00;800000;31;False;False;False;False;False;False;False;False;False;False;False;False;False;False;False;False;False;False;False;0;False;-1;0;0;0;1083;0;False;85
101028;A. Robertson;Andrew Robertson;ROBERTSON;ROBERTSON;-1;232;0;178;66;31;True;11;2;0;0;2;0;0;0;2;0;0;0;0;0;0;65;78;71;74;82;79;62;71;70;82;79;78;79;74;73;76;81;68;75;72;40;40;40;40;40;1;2;4;1;7;3;False;False;True;False;False;True;False;False;False;False;False;False;False;False;False;False;False;False;False;False;False;False;False;False;False;False;True;False;True;True;False;False;False;True;False;False;True;False;False;False;False;True;False;True;True;False;False;True;13;0;5;4;5;4;3;14;1;1;0;179;30/6/2027 00:00:00;30/6/2026 00:00:00;70000;84;False;False;False;False;False;False;False;False;False;False;False;False;False;False;False;False;False;False;False;0;False;-1;0;0;0;2071;0;False;78
157165;S. Bajcetic;Stefan Bajčetić;BAJCETIC;BAJCETIC;-1;236;303;185;74;21;False;15;4;0;1;0;0;2;1;0;0;0;0;0;0;0;61;78;73;71;75;73;63;73;59;65;76;77;71;73;71;73;77;67;76;79;40;40;40;40;40;2;2;4;1;6;2;False;False;False;False;True;False;False;False;False;False;False;False;False;False;False;False;False;False;False;False;False;False;False;False;True;False;True;True;True;False;True;False;False;False;False;False;False;False;False;False;False;False;False;True;False;False;False;False;20;0;1;1;1;1;1;1;1;1;103;0;30/6/2027 00:00:00;1/1/0001 00:00:00;90000;0;False;False;False;False;False;False;False;False;False;False;False;False;False;False;False;False;False;False;False;0;False;-1;0;0;0;0;0;False;75
114235;F. Chiesa;Federico Chiesa;CHIESA;CHIESA;-1;215;0;175;70;28;False;4;10;0;0;0;0;0;0;2;2;0;2;2;2;2;76;81;85;77;79;76;75;61;69;76;85;83;84;66;74;75;72;54;57;65;40;40;40;40;40;4;3;4;1;7;2;True;True;False;True;False;False;True;False;True;False;False;False;False;True;False;False;False;True;False;True;False;False;True;False;False;False;True;True;False;False;False;False;False;False;False;False;False;False;False;False;False;False;True;False;False;False;True;True;122;0;2;2;1;5;1;1;1;2;124;0;30/6/2028 00:00:00;1/1/0001 00:00:00;150000;51;False;False;False;False;False;False;False;False;False;False;False;False;False;False;False;False;False;False;False;0;False;-1;0;0;0;2022;0;False;80
130319;D. Szoboszlai;Dominik Szoboszlai;SZOBOSZLAI;SZOBOSZLAI;-1;212;0;187;74;25;False;7;8;0;0;0;1;0;2;2;2;2;2;2;1;0;80;86;79;85;84;86;76;67;83;82;86;81;88;68;71;82;89;59;68;77;40;40;40;40;40;3;3;6;1;7;2;True;True;False;True;True;False;True;False;True;True;False;False;False;False;True;False;False;True;False;True;False;False;True;False;False;False;True;True;True;False;False;False;False;False;False;False;False;False;False;False;True;False;False;False;False;False;False;False;110;0;1;3;3;8;1;16;1;1;1586;0;30/6/2028 00:00:00;1/1/0001 00:00:00;1000000;32;False;False;False;False;False;False;False;False;False;False;False;False;False;False;False;False;False;False;False;0;False;-1;0;0;0;2022;0;False;86
139679;H. Ekitiké;Hugo Ekitiké;EKITIKE;EKITIKE;-1;208;50;190;76;23;False;1;12;0;0;0;0;0;0;0;0;0;1;0;1;2;86;75;82;78;74;69;82;76;72;73;79;77;81;76;74;79;78;58;61;73;40;40;40;40;40;3;3;6;1;6;1;False;False;False;True;False;False;True;False;False;False;False;False;True;False;True;False;False;True;False;False;False;False;True;True;False;True;False;False;False;False;False;False;False;False;False;False;False;False;False;False;False;False;False;False;False;False;False;False;14;0;2;1;3;8;1;1;1;3;0;0;30/6/2031 00:00:00;1/1/0001 00:00:00;900000;0;False;False;False;False;False;False;False;False;False;False;False;False;False;False;False;False;False;False;False;0;False;-1;0;0;0;71;0;False;83
123225;C. Jones;Curtis Jones;JONES;JONES;-1;204;0;185;75;24;False;6;5;0;0;0;1;0;2;1;0;2;1;0;0;0;68;84;78;83;86;83;71;64;70;75;76;79;77;68;72;80;83;57;76;81;40;40;40;40;40;1;3;5;1;6;3;True;True;False;True;True;False;True;False;False;False;False;False;False;False;False;True;False;True;False;True;False;False;True;False;False;False;True;False;True;False;True;True;False;False;False;False;False;False;False;False;True;False;False;False;False;False;False;False;132;0;5;7;1;3;3;5;1;2;103;0;30/6/2027 00:00:00;1/1/0001 00:00:00;400000;5;False;False;False;False;False;False;False;False;False;False;False;False;False;False;False;False;False;False;False;0;False;-1;0;0;0;71;0;False;82
137924;F. Wirtz;Florian Wirtz;WIRTZ;WIRTZ;-1;210;0;177;69;22;False;18;8;0;0;0;0;0;1;1;1;2;2;2;1;1;84;85;87;83;84;86;77;66;73;78;83;82;79;71;69;81;82;55;64;75;40;40;40;40;40;2;3;5;1;7;1;True;True;False;True;True;False;False;True;True;False;False;False;True;True;False;True;False;False;False;False;False;False;False;False;False;True;True;True;True;False;False;False;False;False;False;False;False;False;False;False;True;False;False;False;False;False;False;False;123;0;1;10;2;1;4;14;5;1;128;0;30/6/2030 00:00:00;1/1/0001 00:00:00;1100000;35;False;False;False;False;False;False;False;False;False;False;False;False;False;False;False;False;False;False;False;0;False;-1;0;0;0;1054;0;False;86
174884;K. Morrison;Kieran Morrison;MORRISON;MORRISON;-1;225;204;183;76;19;True;4;10;0;0;0;0;0;2;1;2;2;1;2;0;0;67;78;80;73;73;69;66;53;67;72;73;78;74;64;69;77;70;50;54;66;40;40;40;40;40;2;2;5;1;5;2;False;False;False;True;False;False;False;False;False;False;False;False;False;True;False;True;False;False;False;False;False;False;False;False;False;False;False;False;False;False;False;False;False;False;False;False;False;False;False;False;False;False;False;False;False;False;False;False;0;0;1;1;1;1;1;1;1;1;103;0;30/6/2026 00:00:00;1/1/0001 00:00:00;0;0;False;False;False;False;False;False;False;False;False;False;False;False;False;False;False;False;False;False;False;0;False;-1;0;0;0;0;0;False;71
127069;R. Gravenberch;Ryan Gravenberch;GRAVENBERCH;GRAVENBERCH;-1;224;139;190;77;23;False;7;4;0;0;0;0;2;2;0;0;0;0;0;0;0;68;83;80;78;82;83;68;73;74;77;77;78;82;75;78;81;83;71;80;82;40;40;40;40;40;2;2;6;1;7;2;False;False;False;False;True;False;True;False;True;False;True;False;False;False;False;False;True;False;False;True;False;False;True;False;False;False;True;True;True;False;False;False;False;False;False;False;False;False;False;False;True;False;False;True;False;False;False;False;90;0;3;1;1;4;1;16;1;3;116;0;30/6/2032 00:00:00;1/1/0001 00:00:00;900000;18;False;False;False;False;False;False;False;False;False;False;False;False;False;False;False;False;False;False;False;0;False;-1;0;0;0;1075;0;False;85
142252;K. Gordon;Kaide Gordon;GORDON;GORDON;-1;204;122;173;75;21;True;4;10;0;0;0;0;0;0;1;1;1;2;2;1;1;66;76;76;68;68;65;70;61;68;67;82;81;69;62;59;64;72;56;60;73;40;40;40;40;40;2;2;4;1;5;2;False;True;True;True;False;False;True;False;False;False;False;False;False;False;False;True;False;True;True;True;False;False;False;False;False;False;False;False;False;False;False;False;False;False;False;False;False;False;False;False;True;False;False;False;False;False;False;False;0;0;3;4;1;7;1;1;1;1;103;0;30/6/2026 00:00:00;1/1/0001 00:00:00;0;0;False;False;False;False;False;False;False;False;False;False;False;False;False;False;False;False;False;False;False;0;False;-1;0;0;0;73;0;False;71
140768;R. Williams;Rhys Williams;R.WILLIAMS;R.WILLIAMS;-1;204;122;195;73;24;False;15;1;0;2;0;0;0;0;0;0;0;0;0;0;0;56;70;67;66;76;78;59;77;57;60;71;69;74;72;76;70;76;77;78;73;40;40;40;40;40;2;2;4;1;5;2;False;False;False;False;True;False;False;False;False;False;False;False;False;False;False;False;True;False;False;False;False;False;False;False;False;False;False;False;True;False;False;False;False;True;False;False;False;False;False;False;False;False;False;False;False;False;False;False;26;0;1;8;3;1;1;1;1;1;103;0;30/6/2026 00:00:00;1/1/0001 00:00:00;7000;0;False;False;False;False;False;False;False;False;False;False;False;False;False;False;False;False;False;False;False;0;False;-1;0;0;0;66;0;False;72
57123;M. Salah;Mohamed Salah;M. SALAH;M. SALAH;-1;58;0;175;72;33;True;18;10;0;0;0;0;0;0;0;1;0;0;2;0;1;83;89;86;79;84;82;84;68;74;89;87;87;82;65;77;90;86;49;54;62;40;40;40;40;40;2;3;4;2;8;2;True;True;True;True;False;False;False;True;True;False;False;False;False;True;False;False;False;True;True;True;False;False;True;False;False;False;False;False;False;False;True;False;False;False;False;False;False;False;True;False;True;False;False;False;False;False;False;False;140;0;3;4;4;1;6;18;4;2;34;0;30/6/2027 00:00:00;1/1/0001 00:00:00;350000;87;False;False;False;False;False;False;False;False;False;False;False;False;False;False;False;False;False;False;False;0;False;-1;0;0;0;1053;0;False;87
174145;R. Ngumoha;Rio Ngumoha;RIO;NGUMOHA;-1;204;80;170;66;17;False;4;9;0;0;0;0;0;0;2;0;0;2;1;0;0;68;75;79;73;74;71;69;53;64;73;78;83;71;59;60;75;72;52;55;61;40;40;40;40;40;2;2;5;1;6;2;True;False;True;True;False;False;False;True;False;False;False;False;False;False;False;False;False;False;False;False;False;False;False;False;False;False;False;False;False;False;False;False;False;False;False;False;False;False;False;False;True;False;False;False;False;False;False;False;0;0;1;1;1;1;1;1;1;1;103;0;30/6/2028 00:00:00;1/1/0001 00:00:00;400000;0;False;False;False;False;False;False;False;False;False;False;False;False;False;False;False;False;False;False;False;0;False;-1;0;0;0;0;0;False;72
146650;M. Kerkez;Milos Kerkez;KERKEZ;KERKEZ;-1;212;303;180;74;22;True;11;2;0;0;2;0;0;0;2;0;0;0;0;0;0;64;78;75;73;74;73;69;58;61;72;83;84;70;71;72;74;83;71;81;79;40;40;40;40;40;2;2;5;1;6;2;False;False;False;False;False;True;False;False;False;False;False;False;False;False;False;False;False;False;False;False;False;False;False;False;False;False;False;False;False;True;False;False;False;False;False;False;False;False;False;False;False;False;False;True;False;False;False;False;0;0;1;1;1;1;1;1;1;1;1819;0;30/6/2030 00:00:00;1/1/0001 00:00:00;400000;23;False;False;False;False;False;False;False;False;False;False;False;False;False;False;False;False;False;False;False;0;False;-1;0;0;0;0;0;False;79
16474;W. Endo;Wataru Endo;ENDO;ENDO;-1;13;0;178;75;32;False;8;4;0;2;0;0;2;1;0;0;0;0;0;0;0;66;77;71;72;79;80;69;74;67;68;76;77;78;82;71;77;78;72;77;75;40;40;40;40;40;3;3;5;1;6;1;False;False;False;False;True;False;True;False;False;False;False;False;False;False;False;False;True;False;False;False;False;False;False;False;False;False;False;True;True;False;False;False;False;False;False;False;False;False;False;False;True;True;False;False;False;False;False;False;0;0;2;8;1;3;1;1;1;1;0;0;30/6/2027 00:00:00;1/1/0001 00:00:00;50000;70;False;False;False;False;False;False;False;False;False;False;False;False;False;False;False;False;False;False;False;0;False;-1;0;0;0;3053;0;False;79
104337;J. Gomez;Joe Gomez;GOMEZ;GOMEZ;-1;204;63;188;83;28;False;15;1;0;2;2;2;0;0;0;0;0;0;0;0;0;64;79;70;76;77;81;56;80;53;62;84;83;77;79;82;77;80;78;81;80;40;40;40;40;40;2;2;4;1;6;2;False;False;False;False;False;False;False;False;False;False;False;False;False;False;False;False;False;False;False;False;False;False;False;False;False;False;True;True;True;False;False;False;False;False;False;False;True;False;False;False;False;False;False;False;True;False;False;True;11;0;2;1;1;3;1;1;1;1;5;0;30/6/2027 00:00:00;1/1/0001 00:00:00;150000;11;False;False;False;False;False;False;False;False;False;False;False;False;False;False;False;False;False;False;False;0;False;-1;0;0;0;2051;0;False;80
180303;W. Lucky;Wellity Lucky;LUCKY;LUCKY;-1;236;204;188;73;19;False;9;1;0;2;0;1;0;0;0;0;0;0;0;0;0;51;58;61;65;59;62;54;75;57;53;72;68;61;72;68;65;70;73;69;75;40;40;40;40;40;2;2;4;1;5;2;False;False;False;False;False;False;False;False;False;False;False;False;False;False;False;False;False;False;False;False;False;False;False;False;False;False;False;False;False;False;False;False;False;False;False;False;False;False;False;False;False;False;False;False;False;False;False;False;0;0;1;1;1;1;1;1;1;1;103;0;30/6/2028 00:00:00;1/1/0001 00:00:00;0;0;False;False;False;False;False;False;False;False;False;False;False;False;False;False;False;False;False;False;False;0;False;-1;0;0;0;0;0;False;64
178079;K. Miściur;Kornel Miściur;MIŚCIUR;MIŚCIUR;-1;227;204;183;74;18;False;16;0;2;0;0;0;0;0;0;0;0;0;0;0;0;40;45;42;40;54;57;40;53;40;40;60;66;64;77;59;52;72;57;45;62;67;75;71;76;69;2;2;5;3;5;2;False;False;False;False;False;False;False;False;False;False;False;False;False;False;False;False;False;False;False;False;False;False;False;False;False;False;False;False;False;False;False;False;False;False;False;False;False;False;False;False;False;False;False;False;False;False;False;False;0;0;1;1;1;1;1;1;1;1;103;0;30/6/2026 00:00:00;1/1/0001 00:00:00;0;0;False;False;False;False;False;False;False;False;False;False;False;False;False;False;False;False;False;False;False;0;False;-1;0;0;0;0;0;False;62
132869;C. Ramsay;Calvin Ramsay;RAMSAY;RAMSAY;-1;232;0;177;70;22;False;11;3;0;0;0;2;0;0;0;1;0;0;0;0;0;62;70;73;72;73;68;56;61;72;69;78;77;72;73;68;71;73;70;69;73;40;40;40;40;40;2;2;4;1;5;2;False;False;False;False;True;False;False;False;False;False;False;False;False;False;False;False;False;False;False;False;False;False;False;False;False;False;False;False;True;True;False;False;False;False;False;False;False;False;False;False;True;False;False;False;False;False;False;False;0;0;1;1;1;1;1;1;1;1;1219;0;30/6/2027 00:00:00;1/1/0001 00:00:00;25000;1;False;False;False;False;False;False;False;False;False;False;False;False;False;False;False;False;False;False;False;0;False;-1;0;0;0;81;0;False;72
145589;J. Danns;Jayden Danns;DANNS;DANNS;-1;204;159;188;75;19;False;6;12;0;0;0;0;0;0;0;0;0;1;0;1;2;72;71;75;70;62;63;74;66;59;60;73;74;76;64;64;65;72;47;52;68;40;40;40;40;40;2;2;5;1;6;2;False;False;False;False;False;False;False;False;False;False;False;False;False;False;False;False;False;False;False;False;False;False;False;False;False;False;False;False;False;False;False;False;False;False;False;False;False;False;False;False;False;False;False;False;False;False;False;False;20;0;1;1;2;1;1;1;1;1;103;0;30/6/2026 00:00:00;1/1/0001 00:00:00;0;0;False;False;False;False;False;False;False;False;False;False;False;False;False;False;False;False;False;False;False;0;False;-1;0;0;0;0;0;False;67
168648;A. Nallo;Amara Nallo;NALLO;NALLO;-1;204;85;186;74;19;True;8;1;0;2;1;1;0;0;0;0;0;0;0;0;0;52;65;55;64;72;69;56;72;53;51;70;69;62;77;69;67;73;74;79;68;40;40;40;40;40;3;4;5;1;6;2;False;False;False;False;False;False;False;False;False;False;False;False;False;False;False;False;False;False;False;False;False;False;False;False;False;False;False;False;False;False;False;False;False;False;False;False;False;False;False;False;False;False;False;False;False;False;False;False;0;0;1;1;1;1;1;1;1;1;103;0;30/6/2028 00:00:00;1/1/0001 00:00:00;0;0;False;False;False;False;False;False;False;False;False;False;False;False;False;False;False;False;False;False;False;0;False;-1;0;0;0;0;0;False;67
167060;T. Nyoni;Trey Nyoni;NYONI;NYONI;-1;204;95;180;69;18;False;6;5;0;0;0;0;2;2;0;0;2;0;0;0;0;67;78;77;71;76;72;67;60;59;66;74;72;68;63;58;72;74;61;66;63;40;40;40;40;40;2;2;5;1;7;2;True;True;False;False;False;False;False;False;False;False;False;False;False;False;False;False;False;False;False;False;False;False;False;False;False;False;False;False;False;False;False;False;False;False;False;False;False;False;False;False;False;False;False;False;False;False;False;False;0;0;1;1;1;1;1;1;1;1;103;0;30/6/2026 00:00:00;1/1/0001 00:00:00;0;0;False;False;False;False;False;False;False;False;False;False;False;False;False;False;False;False;False;False;False;0;False;-1;0;0;0;0;0;False;70
144918;G. Mamardashvili;Giorgi Mamardashvili;MAMARDASHVILI;MAMARDASHVILI;-1;209;0;197;90;25;True;16;0;2;0;0;0;0;0;0;0;0;0;0;0;0;40;54;53;57;66;69;40;68;57;43;70;64;80;75;73;74;83;44;47;59;89;95;88;94;91;2;2;6;3;7;2;False;False;False;False;False;False;False;False;False;False;False;False;False;False;False;False;False;False;False;False;False;False;False;False;False;False;False;False;False;False;False;False;False;False;False;True;False;True;False;True;False;False;False;False;False;False;False;False;0;0;1;1;2;1;1;1;1;1;0;0;30/6/2031 00:00:00;1/1/0001 00:00:00;250000;29;False;False;False;False;False;False;False;False;False;False;False;False;False;False;False;False;False;False;False;0;False;-1;0;0;0;0;0;False;83
63474;Alisson;Alisson Becker;A. BECKER;A. BECKER;-1;146;0;191;91;33;False;16;0;2;0;0;0;0;0;0;0;0;0;0;0;0;40;72;69;73;73;78;40;81;46;51;68;66;85;80;84;82;82;52;51;70;95;93;91;95;92;2;2;7;3;8;1;False;False;False;False;False;False;False;False;False;False;False;False;False;False;False;False;False;False;False;False;False;False;False;False;False;False;False;False;False;False;False;False;False;False;True;False;False;True;False;False;False;False;False;False;False;False;False;False;0;0;1;1;2;1;1;1;1;1;1252;0;30/6/2027 00:00:00;1/1/0001 00:00:00;200000;61;False;False;False;False;False;False;False;False;False;False;False;False;False;False;False;False;False;False;False;0;False;-1;0;0;0;2051;211;False;87
107693;F. Woodman;Freddie Woodman;WOODMAN;WOODMAN;-1;204;0;188;77;28;False;16;0;2;0;0;0;0;0;0;0;0;0;0;0;0;41;60;51;52;54;58;46;64;47;49;72;67;76;76;74;79;85;48;47;60;84;83;81;90;86;2;2;7;3;6;1;False;False;False;False;False;False;False;False;False;False;False;False;False;False;False;False;False;False;False;False;False;False;False;False;False;False;False;False;False;False;False;False;False;False;True;False;False;True;False;True;False;False;False;False;False;False;False;False;0;0;1;1;1;1;1;1;1;1;106;0;30/6/2026 00:00:00;1/1/0001 00:00:00;35000;0;False;False;False;False;False;False;False;False;False;False;False;False;False;False;False;False;False;False;False;0;False;-1;0;0;0;3043;0;False;77
143901;H. Davies;Harvey Davies;DAVIES;DAVIES;-1;204;0;190;74;22;True;16;0;2;0;0;0;0;0;0;0;0;0;0;0;0;40;45;46;48;47;48;40;60;45;47;58;63;69;70;67;68;81;45;43;54;81;83;77;80;80;2;2;6;3;5;2;False;False;False;False;False;False;False;False;False;False;False;False;False;False;False;False;False;False;False;False;False;False;False;False;False;False;False;False;False;False;False;False;False;False;False;False;False;False;False;False;False;False;False;False;False;False;False;False;0;0;1;1;1;1;1;1;1;1;103;0;30/6/2027 00:00:00;1/1/0001 00:00:00;0;0;False;False;False;False;False;False;False;False;False;False;False;False;False;False;False;False;False;False;False;0;False;-1;0;0;0;63;0;False;71
122012;C. Gakpo;Cody Gakpo;GAKPO;GAKPO;-1;224;91;191;79;26;False;4;9;0;0;0;0;0;0;0;0;0;2;1;0;2;84;84;85;80;76;80;81;79;77;78;81;83;85;75;78;80;79;57;68;74;40;40;40;40;40;3;3;5;1;7;2;False;True;False;False;False;False;True;False;False;False;False;False;False;True;False;True;False;True;False;True;False;True;False;False;True;False;False;False;False;True;False;False;False;True;False;False;False;False;False;False;True;False;False;False;False;False;False;False;21;0;2;5;2;5;4;15;4;1;118;0;30/6/2030 00:00:00;1/1/0001 00:00:00;650000;16;False;False;False;False;False;False;False;False;False;False;False;False;False;False;False;False;False;False;False;0;False;-1;0;0;0;3053;0;False;86
133594;J. Frimpong;Jeremie Frimpong;FRIMPONG;FRIMPONG;-1;224;64;172;68;25;False;11;3;0;0;0;2;0;0;0;2;0;0;2;0;0;68;79;84;78;77;70;73;64;68;74;88;90;73;71;69;72;81;63;73;76;40;40;40;40;40;2;2;4;1;6;2;False;True;True;False;False;False;True;False;True;False;False;False;True;True;False;True;False;False;False;False;False;False;False;False;False;False;False;False;False;False;False;False;False;False;False;False;False;False;False;False;True;False;False;False;False;False;False;False;0;0;1;6;1;6;1;1;1;1;173;0;30/6/2030 00:00:00;1/1/0001 00:00:00;350000;12;False;False;False;False;False;False;False;False;False;False;False;False;False;False;False;False;False;False;False;0;False;-1;0;0;0;71;0;False;80
114975;I. Konaté;Ibrahima Konaté;KONATE;KONATE;-1;208;73;194;92;26;False;15;1;0;2;0;0;0;0;0;0;0;0;0;0;0;63;78;72;77;80;76;64;82;58;67;85;80;75;81;88;85;82;85;84;78;40;40;40;40;40;2;2;5;1;7;1;False;False;False;False;False;False;False;False;False;False;False;False;False;False;False;False;True;False;False;False;False;False;False;False;False;False;True;False;False;False;False;False;False;False;False;False;False;False;False;False;False;True;False;True;True;False;False;False;18;0;1;5;1;1;1;1;1;1;0;0;30/6/2026 00:00:00;1/1/0001 00:00:00;500000;23;False;False;False;False;False;False;False;False;False;False;False;False;False;False;False;False;False;False;False;0;False;-1;0;0;0;0;0;False;84
146461;C. Bradley;Conor Bradley;BRADLEY;BRADLEY;-1;225;0;181;75;22;False;11;3;0;0;0;2;0;0;0;2;0;0;0;0;0;62;73;70;76;72;77;66;62;61;74;86;87;73;76;67;79;80;64;73;78;40;40;40;40;40;2;2;5;1;6;2;False;False;False;False;False;False;False;False;False;False;False;False;True;False;False;False;False;False;False;False;False;False;False;False;False;False;False;False;False;True;False;False;False;False;False;False;False;False;False;False;True;False;False;False;False;False;False;False;11;0;2;8;2;4;1;1;1;1;103;0;30/6/2029 00:00:00;1/1/0001 00:00:00;300000;17;False;False;False;False;False;False;False;False;False;False;False;False;False;False;False;False;False;False;False;0;False;-1;0;0;0;0;0;False;78
115079;A. Isak;Alexander Isak;ISAK;ISAK;-1;237;60;192;76;26;False;1;12;0;0;0;0;0;0;0;0;0;0;0;0;2;85;87;85;82;80;73;86;77;66;70;86;87;86;73;76;82;81;50;54;67;40;40;40;40;40;2;3;5;1;7;1;True;True;False;False;True;False;False;False;False;True;False;False;False;False;False;False;True;False;False;True;False;False;True;True;True;True;False;True;False;False;False;False;False;False;False;False;False;False;True;False;False;False;False;False;False;False;False;False;105;0;5;7;2;4;1;1;1;3;17;0;30/6/2031 00:00:00;1/1/0001 00:00:00;1000000;37;False;False;False;False;False;False;False;False;False;False;False;False;False;False;False;False;False;False;False;0;False;-1;0;0;0;1053;0;False;86
